src,dst,,
0,1,ADBE,ADP
0,2,ADBE,AMD
0,17,ADBE,BIIB
0,20,ADBE,CDNS
0,21,ADBE,CDW
0,23,ADBE,CHKP
0,24,ADBE,CTAS
0,28,ADBE,CMCSA
0,39,ADBE,FTNT
0,45,ADBE,INTU
0,52,ADBE,LULU
0,53,ADBE,MAR
0,54,ADBE,MRVL
0,59,ADBE,MU
0,60,ADBE,MSFT
0,69,ADBE,ORCL
0,70,ADBE,ORLY
0,72,ADBE,PANW
0,78,ADBE,QCOM
0,83,ADBE,NOW
0,86,ADBE,SNPS
0,89,ADBE,TXN
0,96,ADBE,WBD
0,97,ADBE,WDAY
1,7,ADP,AMGN
1,14,ADP,ADSK
1,16,ADP,BKR
1,21,ADP,CDW
1,24,ADP,CTAS
1,25,ADP,CSCO
1,27,ADP,CTSH
1,39,ADP,FTNT
1,41,ADP,HON
1,42,ADP,IBM
1,43,ADP,IDXX
1,44,ADP,INTC
1,45,ADP,INTU
1,53,ADP,MAR
1,55,ADP,MA
1,66,ADP,NXPI
1,70,ADP,ORLY
1,73,ADP,PAYX
1,82,ADP,CRM
1,83,ADP,NOW
1,87,ADP,TTWO
1,92,ADP,TTD
1,93,ADP,VRSK
1,97,ADP,WDAY
2,15,AMD,AXON
2,20,AMD,CDNS
2,29,AMD,CPRT
2,33,AMD,DHR
2,36,AMD,EA
2,38,AMD,FAST
2,41,AMD,HON
2,42,AMD,IBM
2,50,AMD,LRCX
2,54,AMD,MRVL
2,66,AMD,NXPI
2,70,AMD,ORLY
2,78,AMD,QCOM
2,81,AMD,ROST
2,83,AMD,NOW
2,91,AMD,TMUS
2,95,AMD,V
2,97,AMD,WDAY
2,99,AMD,ZS
3,0,GOOGL,ADBE
3,1,GOOGL,ADP
3,2,GOOGL,AMD
3,6,GOOGL,AEP
3,7,GOOGL,AMGN
3,11,GOOGL,ASML
3,13,GOOGL,TEAM
3,18,GOOGL,BKNG
3,27,GOOGL,CTSH
3,29,GOOGL,CPRT
3,30,GOOGL,CSGP
3,31,GOOGL,COST
3,32,GOOGL,CSX
3,34,GOOGL,DXCM
3,36,GOOGL,EA
3,38,GOOGL,FAST
3,43,GOOGL,IDXX
3,46,GOOGL,ISRG
3,48,GOOGL,KLAC
3,50,GOOGL,LRCX
3,52,GOOGL,LULU
3,53,GOOGL,MAR
3,54,GOOGL,MRVL
3,57,GOOGL,META
3,60,GOOGL,MSFT
3,61,GOOGL,MSTR
3,62,GOOGL,MDLZ
3,70,GOOGL,ORLY
3,74,GOOGL,PAYC
3,75,GOOGL,PYPL
3,84,GOOGL,SHOP
3,88,GOOGL,TSLA
3,90,GOOGL,TMO
3,92,GOOGL,TTD
3,93,GOOGL,VRSK
3,97,GOOGL,WDAY
3,99,GOOGL,ZS
4,0,GOOG,ADBE
4,2,GOOG,AMD
4,3,GOOG,GOOGL
4,5,GOOG,AMZN
4,9,GOOG,AAPL
4,11,GOOG,ASML
4,12,GOOG,AZN
4,14,GOOG,ADSK
4,16,GOOG,BKR
4,17,GOOG,BIIB
4,18,GOOG,BKNG
4,19,GOOG,AVGO
4,23,GOOG,CHKP
4,25,GOOG,CSCO
4,26,GOOG,CCEP
4,29,GOOG,CPRT
4,32,GOOG,CSX
4,33,GOOG,DHR
4,34,GOOG,DXCM
4,39,GOOG,FTNT
4,42,GOOG,IBM
4,45,GOOG,INTU
4,49,GOOG,KHC
4,50,GOOG,LRCX
4,51,GOOG,LIN
4,52,GOOG,LULU
4,54,GOOG,MRVL
4,55,GOOG,MA
4,63,GOOG,MNST
4,66,GOOG,NXPI
4,68,GOOG,ON
4,69,GOOG,ORCL
4,71,GOOG,PCAR
4,72,GOOG,PANW
4,73,GOOG,PAYX
4,74,GOOG,PAYC
4,76,GOOG,PDD
4,78,GOOG,QCOM
4,79,GOOG,REGN
4,81,GOOG,ROST
4,82,GOOG,CRM
4,85,GOOG,SBUX
4,88,GOOG,TSLA
4,89,GOOG,TXN
4,91,GOOG,TMUS
4,92,GOOG,TTD
4,94,GOOG,VRTX
4,95,GOOG,V
4,99,GOOG,ZS
5,0,AMZN,ADBE
5,4,AMZN,GOOG
5,9,AMZN,AAPL
5,13,AMZN,TEAM
5,14,AMZN,ADSK
5,17,AMZN,BIIB
5,18,AMZN,BKNG
5,21,AMZN,CDW
5,23,AMZN,CHKP
5,29,AMZN,CPRT
5,30,AMZN,CSGP
5,39,AMZN,FTNT
5,41,AMZN,HON
5,42,AMZN,IBM
5,43,AMZN,IDXX
5,47,AMZN,KDP
5,52,AMZN,LULU
5,53,AMZN,MAR
5,54,AMZN,MRVL
5,55,AMZN,MA
5,56,AMZN,MELI
5,60,AMZN,MSFT
5,73,AMZN,PAYX
5,74,AMZN,PAYC
5,75,AMZN,PYPL
5,78,AMZN,QCOM
5,82,AMZN,CRM
5,83,AMZN,NOW
5,85,AMZN,SBUX
5,88,AMZN,TSLA
5,89,AMZN,TXN
5,97,AMZN,WDAY
5,99,AMZN,ZS
6,0,AEP,ADBE
6,1,AEP,ADP
6,4,AEP,GOOG
6,9,AEP,AAPL
6,14,AEP,ADSK
6,20,AEP,CDNS
6,21,AEP,CDW
6,24,AEP,CTAS
6,30,AEP,CSGP
6,31,AEP,COST
6,32,AEP,CSX
6,35,AEP,FANG
6,36,AEP,EA
6,37,AEP,EXC
6,41,AEP,HON
6,42,AEP,IBM
6,49,AEP,KHC
6,52,AEP,LULU
6,53,AEP,MAR
6,56,AEP,MELI
6,57,AEP,META
6,58,AEP,MCHP
6,61,AEP,MSTR
6,63,AEP,MNST
6,65,AEP,NVDA
6,66,AEP,NXPI
6,67,AEP,ODFL
6,70,AEP,ORLY
6,73,AEP,PAYX
6,74,AEP,PAYC
6,84,AEP,SHOP
6,85,AEP,SBUX
6,88,AEP,TSLA
6,92,AEP,TTD
6,97,AEP,WDAY
6,98,AEP,XEL
6,99,AEP,ZS
7,1,AMGN,ADP
7,13,AMGN,TEAM
7,18,AMGN,BKNG
7,23,AMGN,CHKP
7,25,AMGN,CSCO
7,30,AMGN,CSGP
7,31,AMGN,COST
7,33,AMGN,DHR
7,39,AMGN,FTNT
7,41,AMGN,HON
7,42,AMGN,IBM
7,49,AMGN,KHC
7,53,AMGN,MAR
7,55,AMGN,MA
7,64,AMGN,NFLX
7,84,AMGN,SHOP
7,87,AMGN,TTWO
7,94,AMGN,VRTX
8,2,ADI,AMD
8,12,ADI,AZN
8,23,ADI,CHKP
8,24,ADI,CTAS
8,30,ADI,CSGP
8,36,ADI,EA
8,37,ADI,EXC
8,45,ADI,INTU
8,58,ADI,MCHP
8,59,ADI,MU
8,95,ADI,V
8,97,ADI,WDAY
9,0,AAPL,ADBE
9,20,AAPL,CDNS
9,23,AAPL,CHKP
9,26,AAPL,CCEP
9,34,AAPL,DXCM
9,36,AAPL,EA
9,53,AAPL,MAR
9,54,AAPL,MRVL
9,55,AAPL,MA
9,57,AAPL,META
9,59,AAPL,MU
9,60,AAPL,MSFT
9,66,AAPL,NXPI
9,70,AAPL,ORLY
9,73,AAPL,PAYX
9,78,AAPL,QCOM
9,83,AAPL,NOW
9,88,AAPL,TSLA
10,1,AMAT,ADP
10,9,AMAT,AAPL
10,13,AMAT,TEAM
10,18,AMAT,BKNG
10,29,AMAT,CPRT
10,34,AMAT,DXCM
10,42,AMAT,IBM
10,43,AMAT,IDXX
10,46,AMAT,ISRG
10,51,AMAT,LIN
10,52,AMAT,LULU
10,55,AMAT,MA
10,56,AMAT,MELI
10,63,AMAT,MNST
10,72,AMAT,PANW
10,74,AMAT,PAYC
10,86,AMAT,SNPS
10,93,AMAT,VRSK
10,95,AMAT,V
11,2,ASML,AMD
11,7,ASML,AMGN
11,10,ASML,AMAT
11,19,ASML,AVGO
11,20,ASML,CDNS
11,21,ASML,CDW
11,24,ASML,CTAS
11,33,ASML,DHR
11,50,ASML,LRCX
11,53,ASML,MAR
11,72,ASML,PANW
11,78,ASML,QCOM
11,84,ASML,SHOP
11,87,ASML,TTWO
11,88,ASML,TSLA
11,89,ASML,TXN
11,92,ASML,TTD
12,0,AZN,ADBE
12,5,AZN,AMZN
12,7,AZN,AMGN
12,14,AZN,ADSK
12,15,AZN,AXON
12,27,AZN,CTSH
12,31,AZN,COST
12,42,AZN,IBM
12,43,AZN,IDXX
12,53,AZN,MAR
12,55,AZN,MA
12,61,AZN,MSTR
12,90,AZN,TMO
12,91,AZN,TMUS
12,93,AZN,VRSK
12,97,AZN,WDAY
13,0,TEAM,ADBE
13,2,TEAM,AMD
13,4,TEAM,GOOG
13,7,TEAM,AMGN
13,14,TEAM,ADSK
13,15,TEAM,AXON
13,18,TEAM,BKNG
13,30,TEAM,CSGP
13,31,TEAM,COST
13,32,TEAM,CSX
13,34,TEAM,DXCM
13,36,TEAM,EA
13,39,TEAM,FTNT
13,41,TEAM,HON
13,42,TEAM,IBM
13,43,TEAM,IDXX
13,45,TEAM,INTU
13,46,TEAM,ISRG
13,48,TEAM,KLAC
13,52,TEAM,LULU
13,53,TEAM,MAR
13,54,TEAM,MRVL
13,56,TEAM,MELI
13,58,TEAM,MCHP
13,60,TEAM,MSFT
13,74,TEAM,PAYC
13,81,TEAM,ROST
13,82,TEAM,CRM
13,83,TEAM,NOW
13,86,TEAM,SNPS
13,88,TEAM,TSLA
13,90,TEAM,TMO
13,92,TEAM,TTD
13,93,TEAM,VRSK
13,97,TEAM,WDAY
13,99,TEAM,ZS
14,0,ADSK,ADBE
14,12,ADSK,AZN
14,15,ADSK,AXON
14,20,ADSK,CDNS
14,21,ADSK,CDW
14,23,ADSK,CHKP
14,36,ADSK,EA
14,43,ADSK,IDXX
14,53,ADSK,MAR
14,60,ADSK,MSFT
14,78,ADSK,QCOM
14,83,ADSK,NOW
14,84,ADSK,SHOP
14,88,ADSK,TSLA
14,97,ADSK,WDAY
15,10,AXON,AMAT
15,12,AXON,AZN
15,18,AXON,BKNG
15,19,AXON,AVGO
15,20,AXON,CDNS
15,21,AXON,CDW
15,26,AXON,CCEP
15,28,AXON,CMCSA
15,33,AXON,DHR
15,39,AXON,FTNT
15,41,AXON,HON
15,42,AXON,IBM
15,45,AXON,INTU
15,46,AXON,ISRG
15,53,AXON,MAR
15,54,AXON,MRVL
15,56,AXON,MELI
15,61,AXON,MSTR
15,65,AXON,NVDA
15,69,AXON,ORCL
15,72,AXON,PANW
15,73,AXON,PAYX
15,82,AXON,CRM
15,84,AXON,SHOP
15,92,AXON,TTD
15,95,AXON,V
15,97,AXON,WDAY
16,0,BKR,ADBE
16,1,BKR,ADP
16,9,BKR,AAPL
16,14,BKR,ADSK
16,18,BKR,BKNG
16,21,BKR,CDW
16,23,BKR,CHKP
16,24,BKR,CTAS
16,26,BKR,CCEP
16,28,BKR,CMCSA
16,29,BKR,CPRT
16,30,BKR,CSGP
16,31,BKR,COST
16,32,BKR,CSX
16,34,BKR,DXCM
16,37,BKR,EXC
16,39,BKR,FTNT
16,41,BKR,HON
16,42,BKR,IBM
16,45,BKR,INTU
16,50,BKR,LRCX
16,53,BKR,MAR
16,54,BKR,MRVL
16,55,BKR,MA
16,60,BKR,MSFT
16,69,BKR,ORCL
16,89,BKR,TXN
16,92,BKR,TTD
17,0,BIIB,ADBE
17,7,BIIB,AMGN
17,12,BIIB,AZN
17,14,BIIB,ADSK
17,25,BIIB,CSCO
17,34,BIIB,DXCM
17,43,BIIB,IDXX
17,46,BIIB,ISRG
17,53,BIIB,MAR
17,57,BIIB,META
17,63,BIIB,MNST
17,75,BIIB,PYPL
17,84,BIIB,SHOP
17,87,BIIB,TTWO
17,96,BIIB,WBD
17,99,BIIB,ZS
18,0,BKNG,ADBE
18,19,BKNG,AVGO
18,21,BKNG,CDW
18,30,BKNG,CSGP
18,32,BKNG,CSX
18,36,BKNG,EA
18,37,BKNG,EXC
18,41,BKNG,HON
18,42,BKNG,IBM
18,45,BKNG,INTU
18,56,BKNG,MELI
18,60,BKNG,MSFT
18,84,BKNG,SHOP
18,85,BKNG,SBUX
18,93,BKNG,VRSK
19,20,AVGO,CDNS
19,24,AVGO,CTAS
19,29,AVGO,CPRT
19,31,AVGO,COST
19,41,AVGO,HON
19,54,AVGO,MRVL
19,55,AVGO,MA
19,57,AVGO,META
19,59,AVGO,MU
19,61,AVGO,MSTR
19,64,AVGO,NFLX
19,72,AVGO,PANW
19,78,AVGO,QCOM
19,85,AVGO,SBUX
19,88,AVGO,TSLA
20,12,CDNS,AZN
20,16,CDNS,BKR
20,17,CDNS,BIIB
20,23,CDNS,CHKP
20,26,CDNS,CCEP
20,29,CDNS,CPRT
20,31,CDNS,COST
20,35,CDNS,FANG
20,53,CDNS,MAR
20,58,CDNS,MCHP
20,60,CDNS,MSFT
20,66,CDNS,NXPI
20,67,CDNS,ODFL
20,70,CDNS,ORLY
20,72,CDNS,PANW
20,78,CDNS,QCOM
20,79,CDNS,REGN
20,86,CDNS,SNPS
20,99,CDNS,ZS
21,2,CDW,AMD
21,7,CDW,AMGN
21,9,CDW,AAPL
21,27,CDW,CTSH
21,32,CDW,CSX
21,36,CDW,EA
21,42,CDW,IBM
21,52,CDW,LULU
21,53,CDW,MAR
21,64,CDW,NFLX
21,66,CDW,NXPI
21,70,CDW,ORLY
21,73,CDW,PAYX
21,74,CDW,PAYC
21,81,CDW,ROST
21,83,CDW,NOW
21,85,CDW,SBUX
21,92,CDW,TTD
21,99,CDW,ZS
22,5,CHTR,AMZN
22,7,CHTR,AMGN
22,13,CHTR,TEAM
22,15,CHTR,AXON
22,18,CHTR,BKNG
22,20,CHTR,CDNS
22,21,CHTR,CDW
22,24,CHTR,CTAS
22,26,CHTR,CCEP
22,29,CHTR,CPRT
22,31,CHTR,COST
22,34,CHTR,DXCM
22,35,CHTR,FANG
22,41,CHTR,HON
22,43,CHTR,IDXX
22,56,CHTR,MELI
22,64,CHTR,NFLX
22,71,CHTR,PCAR
22,73,CHTR,PAYX
22,74,CHTR,PAYC
22,75,CHTR,PYPL
22,84,CHTR,SHOP
22,85,CHTR,SBUX
22,87,CHTR,TTWO
22,90,CHTR,TMO
22,91,CHTR,TMUS
22,95,CHTR,V
22,97,CHTR,WDAY
22,98,CHTR,XEL
23,6,CHKP,AEP
23,18,CHKP,BKNG
23,36,CHKP,EA
23,41,CHKP,HON
23,42,CHKP,IBM
23,53,CHKP,MAR
23,58,CHKP,MCHP
23,61,CHKP,MSTR
23,83,CHKP,NOW
23,84,CHKP,SHOP
23,93,CHKP,VRSK
23,99,CHKP,ZS
24,5,CTAS,AMZN
24,7,CTAS,AMGN
24,25,CTAS,CSCO
24,27,CTAS,CTSH
24,31,CTAS,COST
24,32,CTAS,CSX
24,45,CTAS,INTU
24,59,CTAS,MU
24,64,CTAS,NFLX
24,83,CTAS,NOW
24,95,CTAS,V
25,7,CSCO,AMGN
25,9,CSCO,AAPL
25,14,CSCO,ADSK
25,21,CSCO,CDW
25,23,CSCO,CHKP
25,24,CSCO,CTAS
25,30,CSCO,CSGP
25,31,CSCO,COST
25,41,CSCO,HON
25,42,CSCO,IBM
25,44,CSCO,INTC
25,53,CSCO,MAR
25,54,CSCO,MRVL
25,56,CSCO,MELI
25,73,CSCO,PAYX
25,80,CSCO,ROP
25,82,CSCO,CRM
25,85,CSCO,SBUX
25,89,CSCO,TXN
25,90,CSCO,TMO
25,97,CSCO,WDAY
26,1,CCEP,ADP
26,7,CCEP,AMGN
26,8,CCEP,ADI
26,11,CCEP,ASML
26,14,CCEP,ADSK
26,18,CCEP,BKNG
26,21,CCEP,CDW
26,24,CCEP,CTAS
26,27,CCEP,CTSH
26,29,CCEP,CPRT
26,34,CCEP,DXCM
26,41,CCEP,HON
26,44,CCEP,INTC
26,45,CCEP,INTU
26,52,CCEP,LULU
26,60,CCEP,MSFT
26,66,CCEP,NXPI
26,81,CCEP,ROST
26,85,CCEP,SBUX
26,89,CCEP,TXN
26,91,CCEP,TMUS
26,99,CCEP,ZS
27,1,CTSH,ADP
27,9,CTSH,AAPL
27,23,CTSH,CHKP
27,24,CTSH,CTAS
27,25,CTSH,CSCO
27,42,CTSH,IBM
27,45,CTSH,INTU
27,54,CTSH,MRVL
27,72,CTSH,PANW
27,73,CTSH,PAYX
27,83,CTSH,NOW
27,85,CTSH,SBUX
27,88,CTSH,TSLA
27,89,CTSH,TXN
27,90,CTSH,TMO
28,0,CMCSA,ADBE
28,1,CMCSA,ADP
28,4,CMCSA,GOOG
28,5,CMCSA,AMZN
28,7,CMCSA,AMGN
28,12,CMCSA,AZN
28,14,CMCSA,ADSK
28,17,CMCSA,BIIB
28,18,CMCSA,BKNG
28,20,CMCSA,CDNS
28,22,CMCSA,CHTR
28,25,CMCSA,CSCO
28,26,CMCSA,CCEP
28,27,CMCSA,CTSH
28,29,CMCSA,CPRT
28,30,CMCSA,CSGP
28,31,CMCSA,COST
28,32,CMCSA,CSX
28,34,CMCSA,DXCM
28,35,CMCSA,FANG
28,36,CMCSA,EA
28,39,CMCSA,FTNT
28,41,CMCSA,HON
28,44,CMCSA,INTC
28,51,CMCSA,LIN
28,52,CMCSA,LULU
28,53,CMCSA,MAR
28,54,CMCSA,MRVL
28,55,CMCSA,MA
28,57,CMCSA,META
28,60,CMCSA,MSFT
28,67,CMCSA,ODFL
28,74,CMCSA,PAYC
28,78,CMCSA,QCOM
28,80,CMCSA,ROP
28,85,CMCSA,SBUX
28,89,CMCSA,TXN
28,90,CMCSA,TMO
28,91,CMCSA,TMUS
28,93,CMCSA,VRSK
28,95,CMCSA,V
28,96,CMCSA,WBD
28,99,CMCSA,ZS
29,7,CPRT,AMGN
29,9,CPRT,AAPL
29,24,CPRT,CTAS
29,42,CPRT,IBM
29,45,CPRT,INTU
29,61,CPRT,MSTR
29,69,CPRT,ORCL
29,81,CPRT,ROST
29,85,CPRT,SBUX
29,93,CPRT,VRSK
29,99,CPRT,ZS
30,2,CSGP,AMD
30,7,CSGP,AMGN
30,14,CSGP,ADSK
30,18,CSGP,BKNG
30,21,CSGP,CDW
30,23,CSGP,CHKP
30,24,CSGP,CTAS
30,27,CSGP,CTSH
30,28,CSGP,CMCSA
30,29,CSGP,CPRT
30,34,CSGP,DXCM
30,57,CSGP,META
30,69,CSGP,ORCL
30,71,CSGP,PCAR
30,74,CSGP,PAYC
30,75,CSGP,PYPL
30,85,CSGP,SBUX
30,87,CSGP,TTWO
30,89,CSGP,TXN
30,93,CSGP,VRSK
30,99,CSGP,ZS
31,0,COST,ADBE
31,1,COST,ADP
31,5,COST,AMZN
31,9,COST,AAPL
31,15,COST,AXON
31,24,COST,CTAS
31,29,COST,CPRT
31,32,COST,CSX
31,35,COST,FANG
31,39,COST,FTNT
31,40,COST,GILD
31,43,COST,IDXX
31,46,COST,ISRG
31,53,COST,MAR
31,54,COST,MRVL
31,58,COST,MCHP
31,60,COST,MSFT
31,64,COST,NFLX
31,70,COST,ORLY
31,72,COST,PANW
31,73,COST,PAYX
31,75,COST,PYPL
31,81,COST,ROST
31,84,COST,SHOP
31,85,COST,SBUX
31,88,COST,TSLA
31,93,COST,VRSK
31,97,COST,WDAY
31,99,COST,ZS
32,7,CSX,AMGN
32,8,CSX,ADI
32,14,CSX,ADSK
32,18,CSX,BKNG
32,20,CSX,CDNS
32,21,CSX,CDW
32,25,CSX,CSCO
32,27,CSX,CTSH
32,41,CSX,HON
32,52,CSX,LULU
32,56,CSX,MELI
32,70,CSX,ORLY
32,71,CSX,PCAR
32,73,CSX,PAYX
32,89,CSX,TXN
32,93,CSX,VRSK
32,97,CSX,WDAY
32,99,CSX,ZS
33,1,DHR,ADP
33,5,DHR,AMZN
33,12,DHR,AZN
33,13,DHR,TEAM
33,14,DHR,ADSK
33,16,DHR,BKR
33,17,DHR,BIIB
33,18,DHR,BKNG
33,25,DHR,CSCO
33,30,DHR,CSGP
33,31,DHR,COST
33,35,DHR,FANG
33,36,DHR,EA
33,38,DHR,FAST
33,39,DHR,FTNT
33,42,DHR,IBM
33,43,DHR,IDXX
33,51,DHR,LIN
33,53,DHR,MAR
33,56,DHR,MELI
33,60,DHR,MSFT
33,63,DHR,MNST
33,67,DHR,ODFL
33,73,DHR,PAYX
33,79,DHR,REGN
33,80,DHR,ROP
33,83,DHR,NOW
33,84,DHR,SHOP
33,86,DHR,SNPS
33,87,DHR,TTWO
33,90,DHR,TMO
33,93,DHR,VRSK
33,94,DHR,VRTX
34,2,DXCM,AMD
34,6,DXCM,AEP
34,9,DXCM,AAPL
34,14,DXCM,ADSK
34,20,DXCM,CDNS
34,21,DXCM,CDW
34,25,DXCM,CSCO
34,26,DXCM,CCEP
34,28,DXCM,CMCSA
34,29,DXCM,CPRT
34,32,DXCM,CSX
34,36,DXCM,EA
34,39,DXCM,FTNT
34,41,DXCM,HON
34,42,DXCM,IBM
34,52,DXCM,LULU
34,57,DXCM,META
34,58,DXCM,MCHP
34,61,DXCM,MSTR
34,68,DXCM,ON
34,73,DXCM,PAYX
34,75,DXCM,PYPL
34,80,DXCM,ROP
34,83,DXCM,NOW
34,85,DXCM,SBUX
34,90,DXCM,TMO
34,99,DXCM,ZS
35,1,FANG,ADP
35,7,FANG,AMGN
35,16,FANG,BKR
35,17,FANG,BIIB
35,21,FANG,CDW
35,23,FANG,CHKP
35,24,FANG,CTAS
35,29,FANG,CPRT
35,30,FANG,CSGP
35,32,FANG,CSX
35,49,FANG,KHC
35,50,FANG,LRCX
35,51,FANG,LIN
35,52,FANG,LULU
35,53,FANG,MAR
35,63,FANG,MNST
35,67,FANG,ODFL
35,70,FANG,ORLY
35,71,FANG,PCAR
35,73,FANG,PAYX
35,74,FANG,PAYC
35,80,FANG,ROP
35,85,FANG,SBUX
35,89,FANG,TXN
35,92,FANG,TTD
35,93,FANG,VRSK
35,95,FANG,V
35,99,FANG,ZS
36,0,EA,ADBE
36,5,EA,AMZN
36,12,EA,AZN
36,14,EA,ADSK
36,16,EA,BKR
36,25,EA,CSCO
36,30,EA,CSGP
36,31,EA,COST
36,35,EA,FANG
36,46,EA,ISRG
36,51,EA,LIN
36,53,EA,MAR
36,57,EA,META
36,60,EA,MSFT
36,63,EA,MNST
36,64,EA,NFLX
36,70,EA,ORLY
36,79,EA,REGN
36,80,EA,ROP
36,83,EA,NOW
36,84,EA,SHOP
36,85,EA,SBUX
36,87,EA,TTWO
36,89,EA,TXN
36,91,EA,TMUS
36,94,EA,VRTX
36,97,EA,WDAY
37,0,EXC,ADBE
37,1,EXC,ADP
37,4,EXC,GOOG
37,7,EXC,AMGN
37,11,EXC,ASML
37,12,EXC,AZN
37,16,EXC,BKR
37,17,EXC,BIIB
37,18,EXC,BKNG
37,22,EXC,CHTR
37,23,EXC,CHKP
37,24,EXC,CTAS
37,25,EXC,CSCO
37,26,EXC,CCEP
37,27,EXC,CTSH
37,28,EXC,CMCSA
37,30,EXC,CSGP
37,32,EXC,CSX
37,33,EXC,DHR
37,35,EXC,FANG
37,39,EXC,FTNT
37,42,EXC,IBM
37,43,EXC,IDXX
37,45,EXC,INTU
37,47,EXC,KDP
37,51,EXC,LIN
37,53,EXC,MAR
37,57,EXC,META
37,58,EXC,MCHP
37,60,EXC,MSFT
37,61,EXC,MSTR
37,63,EXC,MNST
37,65,EXC,NVDA
37,67,EXC,ODFL
37,70,EXC,ORLY
37,71,EXC,PCAR
37,73,EXC,PAYX
37,79,EXC,REGN
37,80,EXC,ROP
37,81,EXC,ROST
37,83,EXC,NOW
37,85,EXC,SBUX
37,88,EXC,TSLA
37,89,EXC,TXN
37,91,EXC,TMUS
37,93,EXC,VRSK
37,95,EXC,V
37,98,EXC,XEL
37,99,EXC,ZS
38,1,FAST,ADP
38,2,FAST,AMD
38,5,FAST,AMZN
38,7,FAST,AMGN
38,9,FAST,AAPL
38,12,FAST,AZN
38,15,FAST,AXON
38,21,FAST,CDW
38,23,FAST,CHKP
38,24,FAST,CTAS
38,26,FAST,CCEP
38,27,FAST,CTSH
38,29,FAST,CPRT
38,32,FAST,CSX
38,39,FAST,FTNT
38,43,FAST,IDXX
38,45,FAST,INTU
38,46,FAST,ISRG
38,49,FAST,KHC
38,53,FAST,MAR
38,56,FAST,MELI
38,61,FAST,MSTR
38,63,FAST,MNST
38,64,FAST,NFLX
38,66,FAST,NXPI
38,70,FAST,ORLY
38,71,FAST,PCAR
38,73,FAST,PAYX
38,80,FAST,ROP
38,83,FAST,NOW
38,85,FAST,SBUX
38,86,FAST,SNPS
38,93,FAST,VRSK
38,97,FAST,WDAY
38,99,FAST,ZS
39,8,FTNT,ADI
39,9,FTNT,AAPL
39,11,FTNT,ASML
39,12,FTNT,AZN
39,18,FTNT,BKNG
39,23,FTNT,CHKP
39,25,FTNT,CSCO
39,34,FTNT,DXCM
39,36,FTNT,EA
39,37,FTNT,EXC
39,42,FTNT,IBM
39,46,FTNT,ISRG
39,72,FTNT,PANW
39,81,FTNT,ROST
39,83,FTNT,NOW
39,99,FTNT,ZS
40,1,GILD,ADP
40,5,GILD,AMZN
40,7,GILD,AMGN
40,12,GILD,AZN
40,15,GILD,AXON
40,17,GILD,BIIB
40,20,GILD,CDNS
40,23,GILD,CHKP
40,24,GILD,CTAS
40,25,GILD,CSCO
40,27,GILD,CTSH
40,28,GILD,CMCSA
40,30,GILD,CSGP
40,32,GILD,CSX
40,33,GILD,DHR
40,36,GILD,EA
40,42,GILD,IBM
40,51,GILD,LIN
40,56,GILD,MELI
40,58,GILD,MCHP
40,64,GILD,NFLX
40,66,GILD,NXPI
40,67,GILD,ODFL
40,79,GILD,REGN
40,84,GILD,SHOP
40,89,GILD,TXN
40,90,GILD,TMO
40,91,GILD,TMUS
40,92,GILD,TTD
40,93,GILD,VRSK
40,94,GILD,VRTX
40,99,GILD,ZS
41,5,HON,AMZN
41,23,HON,CHKP
41,24,HON,CTAS
41,29,HON,CPRT
41,38,HON,FAST
41,43,HON,IDXX
41,44,HON,INTC
41,45,HON,INTU
41,67,HON,ODFL
41,79,HON,REGN
41,81,HON,ROST
41,89,HON,TXN
41,94,HON,VRTX
41,95,HON,V
41,99,HON,ZS
42,2,IBM,AMD
42,4,IBM,GOOG
42,20,IBM,CDNS
42,21,IBM,CDW
42,23,IBM,CHKP
42,29,IBM,CPRT
42,34,IBM,DXCM
42,41,IBM,HON
42,48,IBM,KLAC
42,55,IBM,MA
42,60,IBM,MSFT
42,70,IBM,ORLY
42,72,IBM,PANW
42,83,IBM,NOW
42,88,IBM,TSLA
42,90,IBM,TMO
42,91,IBM,TMUS
42,92,IBM,TTD
42,93,IBM,VRSK
43,0,IDXX,ADBE
43,4,IDXX,GOOG
43,5,IDXX,AMZN
43,7,IDXX,AMGN
43,8,IDXX,ADI
43,9,IDXX,AAPL
43,11,IDXX,ASML
43,15,IDXX,AXON
43,20,IDXX,CDNS
43,21,IDXX,CDW
43,26,IDXX,CCEP
43,28,IDXX,CMCSA
43,30,IDXX,CSGP
43,31,IDXX,COST
43,34,IDXX,DXCM
43,36,IDXX,EA
43,39,IDXX,FTNT
43,41,IDXX,HON
43,42,IDXX,IBM
43,45,IDXX,INTU
43,46,IDXX,ISRG
43,52,IDXX,LULU
43,55,IDXX,MA
43,56,IDXX,MELI
43,58,IDXX,MCHP
43,60,IDXX,MSFT
43,74,IDXX,PAYC
43,75,IDXX,PYPL
43,85,IDXX,SBUX
43,86,IDXX,SNPS
43,89,IDXX,TXN
43,90,IDXX,TMO
43,92,IDXX,TTD
43,93,IDXX,VRSK
43,94,IDXX,VRTX
43,95,IDXX,V
43,99,IDXX,ZS
44,23,INTC,CHKP
44,25,INTC,CSCO
44,32,INTC,CSX
44,39,INTC,FTNT
44,52,INTC,LULU
44,58,INTC,MCHP
44,59,INTC,MU
44,61,INTC,MSTR
44,78,INTC,QCOM
44,81,INTC,ROST
44,91,INTC,TMUS
44,99,INTC,ZS
45,0,INTU,ADBE
45,15,INTU,AXON
45,16,INTU,BKR
45,29,INTU,CPRT
45,31,INTU,COST
45,34,INTU,DXCM
45,35,INTU,FANG
45,39,INTU,FTNT
45,90,INTU,TMO
45,99,INTU,ZS
46,1,ISRG,ADP
46,8,ISRG,ADI
46,9,ISRG,AAPL
46,18,ISRG,BKNG
46,20,ISRG,CDNS
46,21,ISRG,CDW
46,24,ISRG,CTAS
46,26,ISRG,CCEP
46,27,ISRG,CTSH
46,29,ISRG,CPRT
46,32,ISRG,CSX
46,34,ISRG,DXCM
46,41,ISRG,HON
46,42,ISRG,IBM
46,45,ISRG,INTU
46,59,ISRG,MU
46,60,ISRG,MSFT
46,63,ISRG,MNST
46,70,ISRG,ORLY
46,79,ISRG,REGN
46,81,ISRG,ROST
46,83,ISRG,NOW
46,85,ISRG,SBUX
47,1,KDP,ADP
47,5,KDP,AMZN
47,7,KDP,AMGN
47,26,KDP,CCEP
47,29,KDP,CPRT
47,31,KDP,COST
47,32,KDP,CSX
47,33,KDP,DHR
47,34,KDP,DXCM
47,35,KDP,FANG
47,36,KDP,EA
47,46,KDP,ISRG
47,49,KDP,KHC
47,53,KDP,MAR
47,57,KDP,META
47,58,KDP,MCHP
47,63,KDP,MNST
47,80,KDP,ROP
47,81,KDP,ROST
47,83,KDP,NOW
47,89,KDP,TXN
47,90,KDP,TMO
47,96,KDP,WBD
47,97,KDP,WDAY
48,2,KLAC,AMD
48,6,KLAC,AEP
48,8,KLAC,ADI
48,10,KLAC,AMAT
48,11,KLAC,ASML
48,19,KLAC,AVGO
48,20,KLAC,CDNS
48,23,KLAC,CHKP
48,24,KLAC,CTAS
48,31,KLAC,COST
48,34,KLAC,DXCM
48,42,KLAC,IBM
48,43,KLAC,IDXX
48,47,KLAC,KDP
48,50,KLAC,LRCX
48,56,KLAC,MELI
48,64,KLAC,NFLX
48,67,KLAC,ODFL
48,70,KLAC,ORLY
48,78,KLAC,QCOM
48,79,KLAC,REGN
48,89,KLAC,TXN
48,94,KLAC,VRTX
48,98,KLAC,XEL
48,99,KLAC,ZS
49,16,KHC,BKR
49,17,KHC,BIIB
49,25,KHC,CSCO
49,42,KHC,IBM
49,45,KHC,INTU
49,56,KHC,MELI
49,57,KHC,META
49,64,KHC,NFLX
49,83,KHC,NOW
49,84,KHC,SHOP
49,85,KHC,SBUX
49,92,KHC,TTD
49,93,KHC,VRSK
49,95,KHC,V
49,99,KHC,ZS
50,10,LRCX,AMAT
50,23,LRCX,CHKP
50,24,LRCX,CTAS
50,25,LRCX,CSCO
50,29,LRCX,CPRT
50,31,LRCX,COST
50,39,LRCX,FTNT
50,44,LRCX,INTC
50,45,LRCX,INTU
50,59,LRCX,MU
50,63,LRCX,MNST
50,66,LRCX,NXPI
50,73,LRCX,PAYX
50,78,LRCX,QCOM
50,85,LRCX,SBUX
50,89,LRCX,TXN
50,99,LRCX,ZS
51,1,LIN,ADP
51,12,LIN,AZN
51,16,LIN,BKR
51,23,LIN,CHKP
51,24,LIN,CTAS
51,25,LIN,CSCO
51,26,LIN,CCEP
51,30,LIN,CSGP
51,31,LIN,COST
51,32,LIN,CSX
51,38,LIN,FAST
51,41,LIN,HON
51,43,LIN,IDXX
51,46,LIN,ISRG
51,52,LIN,LULU
51,53,LIN,MAR
51,55,LIN,MA
51,57,LIN,META
51,60,LIN,MSFT
51,62,LIN,MDLZ
51,63,LIN,MNST
51,69,LIN,ORCL
51,70,LIN,ORLY
51,85,LIN,SBUX
51,90,LIN,TMO
51,91,LIN,TMUS
51,95,LIN,V
51,99,LIN,ZS
52,0,LULU,ADBE
52,8,LULU,ADI
52,12,LULU,AZN
52,17,LULU,BIIB
52,34,LULU,DXCM
52,36,LULU,EA
52,46,LULU,ISRG
52,53,LULU,MAR
52,54,LULU,MRVL
52,56,LULU,MELI
52,57,LULU,META
52,66,LULU,NXPI
52,70,LULU,ORLY
52,75,LULU,PYPL
52,80,LULU,ROP
52,81,LULU,ROST
52,83,LULU,NOW
52,89,LULU,TXN
52,92,LULU,TTD
52,99,LULU,ZS
53,0,MAR,ADBE
53,1,MAR,ADP
53,14,MAR,ADSK
53,18,MAR,BKNG
53,21,MAR,CDW
53,24,MAR,CTAS
53,26,MAR,CCEP
53,27,MAR,CTSH
53,29,MAR,CPRT
53,30,MAR,CSGP
53,32,MAR,CSX
53,33,MAR,DHR
53,35,MAR,FANG
53,36,MAR,EA
53,41,MAR,HON
53,43,MAR,IDXX
53,50,MAR,LRCX
53,52,MAR,LULU
53,55,MAR,MA
53,66,MAR,NXPI
53,69,MAR,ORCL
53,71,MAR,PCAR
53,72,MAR,PANW
53,74,MAR,PAYC
53,81,MAR,ROST
53,83,MAR,NOW
53,85,MAR,SBUX
53,88,MAR,TSLA
53,92,MAR,TTD
53,95,MAR,V
53,96,MAR,WBD
54,5,MRVL,AMZN
54,15,MRVL,AXON
54,23,MRVL,CHKP
54,24,MRVL,CTAS
54,29,MRVL,CPRT
54,31,MRVL,COST
54,41,MRVL,HON
54,45,MRVL,INTU
54,53,MRVL,MAR
54,57,MRVL,META
54,59,MRVL,MU
54,61,MRVL,MSTR
54,64,MRVL,NFLX
54,71,MRVL,PCAR
54,72,MRVL,PANW
54,83,MRVL,NOW
54,87,MRVL,TTWO
54,99,MRVL,ZS
55,1,MA,ADP
55,6,MA,AEP
55,9,MA,AAPL
55,14,MA,ADSK
55,16,MA,BKR
55,18,MA,BKNG
55,21,MA,CDW
55,23,MA,CHKP
55,24,MA,CTAS
55,26,MA,CCEP
55,27,MA,CTSH
55,29,MA,CPRT
55,32,MA,CSX
55,34,MA,DXCM
55,38,MA,FAST
55,39,MA,FTNT
55,41,MA,HON
55,43,MA,IDXX
55,45,MA,INTU
55,46,MA,ISRG
55,57,MA,META
55,60,MA,MSFT
55,64,MA,NFLX
55,70,MA,ORLY
55,72,MA,PANW
55,73,MA,PAYX
55,74,MA,PAYC
55,75,MA,PYPL
55,81,MA,ROST
55,82,MA,CRM
55,85,MA,SBUX
56,14,MELI,ADSK
56,18,MELI,BKNG
56,23,MELI,CHKP
56,29,MELI,CPRT
56,34,MELI,DXCM
56,39,MELI,FTNT
56,45,MELI,INTU
56,51,MELI,LIN
56,52,MELI,LULU
56,54,MELI,MRVL
56,57,MELI,META
56,69,MELI,ORCL
56,72,MELI,PANW
56,74,MELI,PAYC
56,75,MELI,PYPL
56,83,MELI,NOW
56,88,MELI,TSLA
56,90,MELI,TMO
56,92,MELI,TTD
56,93,MELI,VRSK
56,97,MELI,WDAY
56,99,MELI,ZS
57,0,META,ADBE
57,4,META,GOOG
57,5,META,AMZN
57,15,META,AXON
57,20,META,CDNS
57,27,META,CTSH
57,31,META,COST
57,39,META,FTNT
57,41,META,HON
57,42,META,IBM
57,46,META,ISRG
57,52,META,LULU
57,53,META,MAR
57,54,META,MRVL
57,55,META,MA
57,60,META,MSFT
57,61,META,MSTR
57,64,META,NFLX
57,75,META,PYPL
57,81,META,ROST
57,82,META,CRM
57,83,META,NOW
57,84,META,SHOP
57,85,META,SBUX
57,88,META,TSLA
57,92,META,TTD
57,95,META,V
57,96,META,WBD
57,97,META,WDAY
57,99,META,ZS
58,0,MCHP,ADBE
58,4,MCHP,GOOG
58,5,MCHP,AMZN
58,8,MCHP,ADI
58,9,MCHP,AAPL
58,11,MCHP,ASML
58,12,MCHP,AZN
58,14,MCHP,ADSK
58,17,MCHP,BIIB
58,18,MCHP,BKNG
58,19,MCHP,AVGO
58,21,MCHP,CDW
58,23,MCHP,CHKP
58,25,MCHP,CSCO
58,26,MCHP,CCEP
58,27,MCHP,CTSH
58,28,MCHP,CMCSA
58,29,MCHP,CPRT
58,30,MCHP,CSGP
58,31,MCHP,COST
58,32,MCHP,CSX
58,33,MCHP,DHR
58,35,MCHP,FANG
58,36,MCHP,EA
58,39,MCHP,FTNT
58,42,MCHP,IBM
58,43,MCHP,IDXX
58,44,MCHP,INTC
58,48,MCHP,KLAC
58,50,MCHP,LRCX
58,51,MCHP,LIN
58,52,MCHP,LULU
58,53,MCHP,MAR
58,54,MCHP,MRVL
58,55,MCHP,MA
58,57,MCHP,META
58,59,MCHP,MU
58,61,MCHP,MSTR
58,63,MCHP,MNST
58,65,MCHP,NVDA
58,66,MCHP,NXPI
58,67,MCHP,ODFL
58,68,MCHP,ON
58,70,MCHP,ORLY
58,72,MCHP,PANW
58,74,MCHP,PAYC
58,75,MCHP,PYPL
58,76,MCHP,PDD
58,78,MCHP,QCOM
58,80,MCHP,ROP
58,84,MCHP,SHOP
58,85,MCHP,SBUX
58,87,MCHP,TTWO
58,88,MCHP,TSLA
58,89,MCHP,TXN
58,95,MCHP,V
59,33,MU,DHR
59,42,MU,IBM
59,50,MU,LRCX
59,52,MU,LULU
59,57,MU,META
59,60,MU,MSFT
59,67,MU,ODFL
60,10,MSFT,AMAT
60,11,MSFT,ASML
60,20,MSFT,CDNS
60,21,MSFT,CDW
60,23,MSFT,CHKP
60,27,MSFT,CTSH
60,28,MSFT,CMCSA
60,34,MSFT,DXCM
60,44,MSFT,INTC
60,45,MSFT,INTU
60,46,MSFT,ISRG
60,54,MSFT,MRVL
60,56,MSFT,MELI
60,57,MSFT,META
60,99,MSFT,ZS
61,0,MSTR,ADBE
61,2,MSTR,AMD
61,4,MSTR,GOOG
61,15,MSTR,AXON
61,16,MSTR,BKR
61,20,MSTR,CDNS
61,28,MSTR,CMCSA
61,33,MSTR,DHR
61,35,MSTR,FANG
61,36,MSTR,EA
61,38,MSTR,FAST
61,39,MSTR,FTNT
61,46,MSTR,ISRG
61,55,MSTR,MA
61,57,MSTR,META
61,59,MSTR,MU
61,60,MSTR,MSFT
61,64,MSTR,NFLX
61,72,MSTR,PANW
61,73,MSTR,PAYX
61,75,MSTR,PYPL
61,79,MSTR,REGN
61,83,MSTR,NOW
61,84,MSTR,SHOP
61,88,MSTR,TSLA
62,2,MDLZ,AMD
62,5,MDLZ,AMZN
62,6,MDLZ,AEP
62,12,MDLZ,AZN
62,13,MDLZ,TEAM
62,26,MDLZ,CCEP
62,28,MDLZ,CMCSA
62,33,MDLZ,DHR
62,34,MDLZ,DXCM
62,35,MDLZ,FANG
62,36,MDLZ,EA
62,37,MDLZ,EXC
62,40,MDLZ,GILD
62,43,MDLZ,IDXX
62,47,MDLZ,KDP
62,49,MDLZ,KHC
62,51,MDLZ,LIN
62,52,MDLZ,LULU
62,55,MDLZ,MA
62,56,MDLZ,MELI
62,58,MDLZ,MCHP
62,60,MDLZ,MSFT
62,61,MDLZ,MSTR
62,63,MDLZ,MNST
62,65,MDLZ,NVDA
62,69,MDLZ,ORCL
62,75,MDLZ,PYPL
62,80,MDLZ,ROP
62,81,MDLZ,ROST
62,83,MDLZ,NOW
62,85,MDLZ,SBUX
62,87,MDLZ,TTWO
62,90,MDLZ,TMO
62,93,MDLZ,VRSK
63,1,MNST,ADP
63,5,MNST,AMZN
63,16,MNST,BKR
63,23,MNST,CHKP
63,26,MNST,CCEP
63,30,MNST,CSGP
63,31,MNST,COST
63,39,MNST,FTNT
63,41,MNST,HON
63,43,MNST,IDXX
63,48,MNST,KLAC
63,53,MNST,MAR
63,56,MNST,MELI
63,57,MNST,META
63,69,MNST,ORCL
63,72,MNST,PANW
63,73,MNST,PAYX
63,74,MNST,PAYC
63,81,MNST,ROST
63,83,MNST,NOW
63,84,MNST,SHOP
63,85,MNST,SBUX
63,87,MNST,TTWO
63,88,MNST,TSLA
63,91,MNST,TMUS
63,92,MNST,TTD
63,95,MNST,V
63,99,MNST,ZS
64,0,NFLX,ADBE
64,1,NFLX,ADP
64,4,NFLX,GOOG
64,5,NFLX,AMZN
64,7,NFLX,AMGN
64,14,NFLX,ADSK
64,15,NFLX,AXON
64,18,NFLX,BKNG
64,25,NFLX,CSCO
64,31,NFLX,COST
64,43,NFLX,IDXX
64,46,NFLX,ISRG
64,50,NFLX,LRCX
64,52,NFLX,LULU
64,56,NFLX,MELI
64,69,NFLX,ORCL
64,70,NFLX,ORLY
64,72,NFLX,PANW
64,75,NFLX,PYPL
64,82,NFLX,CRM
64,83,NFLX,NOW
64,87,NFLX,TTWO
64,89,NFLX,TXN
64,93,NFLX,VRSK
64,95,NFLX,V
65,1,NVDA,ADP
65,2,NVDA,AMD
65,4,NVDA,GOOG
65,5,NVDA,AMZN
65,8,NVDA,ADI
65,14,NVDA,ADSK
65,15,NVDA,AXON
65,16,NVDA,BKR
65,18,NVDA,BKNG
65,19,NVDA,AVGO
65,20,NVDA,CDNS
65,24,NVDA,CTAS
65,27,NVDA,CTSH
65,29,NVDA,CPRT
65,30,NVDA,CSGP
65,31,NVDA,COST
65,32,NVDA,CSX
65,33,NVDA,DHR
65,35,NVDA,FANG
65,36,NVDA,EA
65,42,NVDA,IBM
65,43,NVDA,IDXX
65,46,NVDA,ISRG
65,48,NVDA,KLAC
65,51,NVDA,LIN
65,52,NVDA,LULU
65,54,NVDA,MRVL
65,55,NVDA,MA
65,57,NVDA,META
65,59,NVDA,MU
65,60,NVDA,MSFT
65,61,NVDA,MSTR
65,64,NVDA,NFLX
65,66,NVDA,NXPI
65,67,NVDA,ODFL
65,69,NVDA,ORCL
65,70,NVDA,ORLY
65,71,NVDA,PCAR
65,72,NVDA,PANW
65,74,NVDA,PAYC
65,75,NVDA,PYPL
65,78,NVDA,QCOM
65,79,NVDA,REGN
65,80,NVDA,ROP
65,83,NVDA,NOW
65,86,NVDA,SNPS
65,87,NVDA,TTWO
65,89,NVDA,TXN
65,91,NVDA,TMUS
65,92,NVDA,TTD
65,93,NVDA,VRSK
65,94,NVDA,VRTX
65,99,NVDA,ZS
66,5,NXPI,AMZN
66,7,NXPI,AMGN
66,8,NXPI,ADI
66,15,NXPI,AXON
66,16,NXPI,BKR
66,23,NXPI,CHKP
66,24,NXPI,CTAS
66,29,NXPI,CPRT
66,43,NXPI,IDXX
66,63,NXPI,MNST
66,68,NXPI,ON
66,69,NXPI,ORCL
66,78,NXPI,QCOM
66,83,NXPI,NOW
66,85,NXPI,SBUX
66,89,NXPI,TXN
67,0,ODFL,ADBE
67,1,ODFL,ADP
67,4,ODFL,GOOG
67,5,ODFL,AMZN
67,9,ODFL,AAPL
67,14,ODFL,ADSK
67,16,ODFL,BKR
67,20,ODFL,CDNS
67,21,ODFL,CDW
67,25,ODFL,CSCO
67,26,ODFL,CCEP
67,29,ODFL,CPRT
67,30,ODFL,CSGP
67,31,ODFL,COST
67,32,ODFL,CSX
67,34,ODFL,DXCM
67,38,ODFL,FAST
67,41,ODFL,HON
67,43,ODFL,IDXX
67,46,ODFL,ISRG
67,51,ODFL,LIN
67,52,ODFL,LULU
67,53,ODFL,MAR
67,57,ODFL,META
67,60,ODFL,MSFT
67,63,ODFL,MNST
67,69,ODFL,ORCL
67,71,ODFL,PCAR
67,72,ODFL,PANW
67,73,ODFL,PAYX
67,75,ODFL,PYPL
67,78,ODFL,QCOM
67,80,ODFL,ROP
67,82,ODFL,CRM
67,85,ODFL,SBUX
67,86,ODFL,SNPS
67,90,ODFL,TMO
67,91,ODFL,TMUS
67,94,ODFL,VRTX
67,95,ODFL,V
67,99,ODFL,ZS
68,7,ON,AMGN
68,8,ON,ADI
68,20,ON,CDNS
68,23,ON,CHKP
68,36,ON,EA
68,39,ON,FTNT
68,45,ON,INTU
68,46,ON,ISRG
68,54,ON,MRVL
68,58,ON,MCHP
68,69,ON,ORCL
68,70,ON,ORLY
68,74,ON,PAYC
68,80,ON,ROP
68,81,ON,ROST
68,92,ON,TTD
68,93,ON,VRSK
69,7,ORCL,AMGN
69,12,ORCL,AZN
69,14,ORCL,ADSK
69,19,ORCL,AVGO
69,20,ORCL,CDNS
69,21,ORCL,CDW
69,23,ORCL,CHKP
69,25,ORCL,CSCO
69,31,ORCL,COST
69,35,ORCL,FANG
69,39,ORCL,FTNT
69,42,ORCL,IBM
69,57,ORCL,META
69,60,ORCL,MSFT
69,72,ORCL,PANW
69,78,ORCL,QCOM
69,83,ORCL,NOW
69,89,ORCL,TXN
69,94,ORCL,VRTX
69,95,ORCL,V
69,97,ORCL,WDAY
69,99,ORCL,ZS
70,0,ORLY,ADBE
70,2,ORLY,AMD
70,20,ORLY,CDNS
70,23,ORLY,CHKP
70,24,ORLY,CTAS
70,29,ORLY,CPRT
70,41,ORLY,HON
70,42,ORLY,IBM
70,45,ORLY,INTU
70,52,ORLY,LULU
70,57,ORLY,META
70,81,ORLY,ROST
70,88,ORLY,TSLA
71,5,PCAR,AMZN
71,9,PCAR,AAPL
71,23,PCAR,CHKP
71,24,PCAR,CTAS
71,29,PCAR,CPRT
71,34,PCAR,DXCM
71,41,PCAR,HON
71,48,PCAR,KLAC
71,52,PCAR,LULU
71,66,PCAR,NXPI
71,68,PCAR,ON
71,69,PCAR,ORCL
71,70,PCAR,ORLY
71,76,PCAR,PDD
71,88,PCAR,TSLA
71,89,PCAR,TXN
71,92,PCAR,TTD
71,93,PCAR,VRSK
71,94,PCAR,VRTX
72,8,PANW,ADI
72,9,PANW,AAPL
72,12,PANW,AZN
72,14,PANW,ADSK
72,23,PANW,CHKP
72,29,PANW,CPRT
72,52,PANW,LULU
72,55,PANW,MA
72,78,PANW,QCOM
72,86,PANW,SNPS
72,89,PANW,TXN
72,93,PANW,VRSK
72,97,PANW,WDAY
72,99,PANW,ZS
73,0,PAYX,ADBE
73,23,PAYX,CHKP
73,29,PAYX,CPRT
73,41,PAYX,HON
73,42,PAYX,IBM
73,45,PAYX,INTU
73,46,PAYX,ISRG
73,57,PAYX,META
73,60,PAYX,MSFT
73,71,PAYX,PCAR
73,72,PAYX,PANW
73,79,PAYX,REGN
73,88,PAYX,TSLA
73,93,PAYX,VRSK
73,99,PAYX,ZS
74,0,PAYC,ADBE
74,1,PAYC,ADP
74,7,PAYC,AMGN
74,14,PAYC,ADSK
74,18,PAYC,BKNG
74,21,PAYC,CDW
74,24,PAYC,CTAS
74,26,PAYC,CCEP
74,29,PAYC,CPRT
74,39,PAYC,FTNT
74,41,PAYC,HON
74,42,PAYC,IBM
74,43,PAYC,IDXX
74,45,PAYC,INTU
74,52,PAYC,LULU
74,53,PAYC,MAR
74,60,PAYC,MSFT
74,64,PAYC,NFLX
74,65,PAYC,NVDA
74,71,PAYC,PCAR
74,72,PAYC,PANW
74,73,PAYC,PAYX
74,83,PAYC,NOW
74,88,PAYC,TSLA
74,92,PAYC,TTD
74,97,PAYC,WDAY
74,99,PAYC,ZS
75,0,PYPL,ADBE
75,1,PYPL,ADP
75,2,PYPL,AMD
75,8,PYPL,ADI
75,11,PYPL,ASML
75,14,PYPL,ADSK
75,16,PYPL,BKR
75,18,PYPL,BKNG
75,25,PYPL,CSCO
75,28,PYPL,CMCSA
75,31,PYPL,COST
75,32,PYPL,CSX
75,33,PYPL,DHR
75,34,PYPL,DXCM
75,39,PYPL,FTNT
75,41,PYPL,HON
75,44,PYPL,INTC
75,47,PYPL,KDP
75,48,PYPL,KLAC
75,49,PYPL,KHC
75,50,PYPL,LRCX
75,54,PYPL,MRVL
75,57,PYPL,META
75,60,PYPL,MSFT
75,61,PYPL,MSTR
75,66,PYPL,NXPI
75,67,PYPL,ODFL
75,68,PYPL,ON
75,69,PYPL,ORCL
75,74,PYPL,PAYC
75,82,PYPL,CRM
75,85,PYPL,SBUX
75,86,PYPL,SNPS
75,88,PYPL,TSLA
75,92,PYPL,TTD
75,93,PYPL,VRSK
75,96,PYPL,WBD
75,97,PYPL,WDAY
76,3,PDD,GOOGL
76,5,PDD,AMZN
76,6,PDD,AEP
76,19,PDD,AVGO
76,27,PDD,CTSH
76,29,PDD,CPRT
76,31,PDD,COST
76,35,PDD,FANG
76,36,PDD,EA
76,39,PDD,FTNT
76,42,PDD,IBM
76,52,PDD,LULU
76,54,PDD,MRVL
76,56,PDD,MELI
76,57,PDD,META
76,58,PDD,MCHP
76,59,PDD,MU
76,61,PDD,MSTR
76,63,PDD,MNST
76,64,PDD,NFLX
76,72,PDD,PANW
76,80,PDD,ROP
76,84,PDD,SHOP
76,87,PDD,TTWO
76,89,PDD,TXN
76,91,PDD,TMUS
76,94,PDD,VRTX
77,0,PEP,ADBE
77,1,PEP,ADP
77,4,PEP,GOOG
77,6,PEP,AEP
77,7,PEP,AMGN
77,9,PEP,AAPL
77,17,PEP,BIIB
77,22,PEP,CHTR
77,23,PEP,CHKP
77,25,PEP,CSCO
77,26,PEP,CCEP
77,28,PEP,CMCSA
77,29,PEP,CPRT
77,31,PEP,COST
77,32,PEP,CSX
77,33,PEP,DHR
77,34,PEP,DXCM
77,35,PEP,FANG
77,36,PEP,EA
77,37,PEP,EXC
77,38,PEP,FAST
77,39,PEP,FTNT
77,40,PEP,GILD
77,41,PEP,HON
77,42,PEP,IBM
77,44,PEP,INTC
77,47,PEP,KDP
77,49,PEP,KHC
77,52,PEP,LULU
77,56,PEP,MELI
77,62,PEP,MDLZ
77,63,PEP,MNST
77,64,PEP,NFLX
77,65,PEP,NVDA
77,66,PEP,NXPI
77,68,PEP,ON
77,70,PEP,ORLY
77,79,PEP,REGN
77,80,PEP,ROP
77,83,PEP,NOW
77,84,PEP,SHOP
77,85,PEP,SBUX
77,86,PEP,SNPS
77,88,PEP,TSLA
77,89,PEP,TXN
77,90,PEP,TMO
77,93,PEP,VRSK
77,94,PEP,VRTX
77,97,PEP,WDAY
77,98,PEP,XEL
78,1,QCOM,ADP
78,17,QCOM,BIIB
78,20,QCOM,CDNS
78,30,QCOM,CSGP
78,36,QCOM,EA
78,41,QCOM,HON
78,42,QCOM,IBM
78,43,QCOM,IDXX
78,53,QCOM,MAR
78,59,QCOM,MU
78,79,QCOM,REGN
78,81,QCOM,ROST
78,82,QCOM,CRM
78,88,QCOM,TSLA
78,89,QCOM,TXN
78,92,QCOM,TTD
78,99,QCOM,ZS
79,7,REGN,AMGN
79,9,REGN,AAPL
79,11,REGN,ASML
79,12,REGN,AZN
79,16,REGN,BKR
79,17,REGN,BIIB
79,18,REGN,BKNG
79,22,REGN,CHTR
79,24,REGN,CTAS
79,26,REGN,CCEP
79,29,REGN,CPRT
79,31,REGN,COST
79,41,REGN,HON
79,43,REGN,IDXX
79,46,REGN,ISRG
79,53,REGN,MAR
79,56,REGN,MELI
79,57,REGN,META
79,61,REGN,MSTR
79,63,REGN,MNST
79,70,REGN,ORLY
79,71,REGN,PCAR
79,72,REGN,PANW
79,73,REGN,PAYX
79,74,REGN,PAYC
79,81,REGN,ROST
79,85,REGN,SBUX
79,89,REGN,TXN
79,93,REGN,VRSK
79,94,REGN,VRTX
80,0,ROP,ADBE
80,4,ROP,GOOG
80,7,ROP,AMGN
80,9,ROP,AAPL
80,13,ROP,TEAM
80,14,ROP,ADSK
80,16,ROP,BKR
80,20,ROP,CDNS
80,23,ROP,CHKP
80,24,ROP,CTAS
80,25,ROP,CSCO
80,27,ROP,CTSH
80,30,ROP,CSGP
80,31,ROP,COST
80,32,ROP,CSX
80,36,ROP,EA
80,38,ROP,FAST
80,41,ROP,HON
80,43,ROP,IDXX
80,45,ROP,INTU
80,51,ROP,LIN
80,52,ROP,LULU
80,53,ROP,MAR
80,57,ROP,META
80,60,ROP,MSFT
80,63,ROP,MNST
80,64,ROP,NFLX
80,69,ROP,ORCL
80,70,ROP,ORLY
80,82,ROP,CRM
80,83,ROP,NOW
80,84,ROP,SHOP
80,86,ROP,SNPS
80,88,ROP,TSLA
80,91,ROP,TMUS
80,92,ROP,TTD
80,93,ROP,VRSK
80,95,ROP,V
81,5,ROST,AMZN
81,12,ROST,AZN
81,21,ROST,CDW
81,26,ROST,CCEP
81,69,ROST,ORCL
81,86,ROST,SNPS
81,89,ROST,TXN
81,91,ROST,TMUS
81,97,ROST,WDAY
82,0,CRM,ADBE
82,2,CRM,AMD
82,14,CRM,ADSK
82,25,CRM,CSCO
82,27,CRM,CTSH
82,29,CRM,CPRT
82,36,CRM,EA
82,39,CRM,FTNT
82,45,CRM,INTU
82,46,CRM,ISRG
82,57,CRM,META
82,69,CRM,ORCL
82,70,CRM,ORLY
82,72,CRM,PANW
82,81,CRM,ROST
82,83,CRM,NOW
82,86,CRM,SNPS
82,90,CRM,TMO
82,97,CRM,WDAY
82,99,CRM,ZS
83,2,NOW,AMD
83,7,NOW,AMGN
83,17,NOW,BIIB
83,20,NOW,CDNS
83,25,NOW,CSCO
83,41,NOW,HON
83,42,NOW,IBM
83,45,NOW,INTU
83,53,NOW,MAR
83,54,NOW,MRVL
83,55,NOW,MA
83,60,NOW,MSFT
83,64,NOW,NFLX
83,72,NOW,PANW
83,88,NOW,TSLA
83,90,NOW,TMO
83,92,NOW,TTD
83,97,NOW,WDAY
83,99,NOW,ZS
84,0,SHOP,ADBE
84,5,SHOP,AMZN
84,9,SHOP,AAPL
84,13,SHOP,TEAM
84,15,SHOP,AXON
84,29,SHOP,CPRT
84,30,SHOP,CSGP
84,34,SHOP,DXCM
84,39,SHOP,FTNT
84,43,SHOP,IDXX
84,53,SHOP,MAR
84,55,SHOP,MA
84,56,SHOP,MELI
84,60,SHOP,MSFT
84,61,SHOP,MSTR
84,64,SHOP,NFLX
84,72,SHOP,PANW
84,74,SHOP,PAYC
84,75,SHOP,PYPL
84,82,SHOP,CRM
84,85,SHOP,SBUX
84,88,SHOP,TSLA
84,89,SHOP,TXN
84,92,SHOP,TTD
84,94,SHOP,VRTX
84,95,SHOP,V
84,97,SHOP,WDAY
84,99,SHOP,ZS
85,0,SBUX,ADBE
85,9,SBUX,AAPL
85,23,SBUX,CHKP
85,39,SBUX,FTNT
85,41,SBUX,HON
85,44,SBUX,INTC
85,45,SBUX,INTU
85,52,SBUX,LULU
85,55,SBUX,MA
85,60,SBUX,MSFT
85,69,SBUX,ORCL
85,70,SBUX,ORLY
85,72,SBUX,PANW
85,79,SBUX,REGN
85,81,SBUX,ROST
85,83,SBUX,NOW
85,84,SBUX,SHOP
86,0,SNPS,ADBE
86,2,SNPS,AMD
86,4,SNPS,GOOG
86,15,SNPS,AXON
86,23,SNPS,CHKP
86,29,SNPS,CPRT
86,45,SNPS,INTU
86,53,SNPS,MAR
86,60,SNPS,MSFT
86,70,SNPS,ORLY
86,83,SNPS,NOW
86,84,SNPS,SHOP
86,99,SNPS,ZS
87,2,TTWO,AMD
87,5,TTWO,AMZN
87,7,TTWO,AMGN
87,20,TTWO,CDNS
87,27,TTWO,CTSH
87,29,TTWO,CPRT
87,30,TTWO,CSGP
87,31,TTWO,COST
87,33,TTWO,DHR
87,34,TTWO,DXCM
87,43,TTWO,IDXX
87,53,TTWO,MAR
87,57,TTWO,META
87,64,TTWO,NFLX
87,72,TTWO,PANW
87,75,TTWO,PYPL
87,83,TTWO,NOW
87,84,TTWO,SHOP
87,85,TTWO,SBUX
87,91,TTWO,TMUS
87,92,TTWO,TTD
87,95,TTWO,V
87,99,TTWO,ZS
88,2,TSLA,AMD
88,43,TSLA,IDXX
88,52,TSLA,LULU
88,53,TSLA,MAR
88,60,TSLA,MSFT
88,64,TSLA,NFLX
88,68,TSLA,ON
88,72,TSLA,PANW
88,80,TSLA,ROP
88,95,TSLA,V
88,99,TSLA,ZS
89,8,TXN,ADI
89,15,TXN,AXON
89,23,TXN,CHKP
89,24,TXN,CTAS
89,25,TXN,CSCO
89,27,TXN,CTSH
89,41,TXN,HON
89,44,TXN,INTC
89,50,TXN,LRCX
89,53,TXN,MAR
89,57,TXN,META
89,64,TXN,NFLX
89,80,TXN,ROP
89,83,TXN,NOW
89,85,TXN,SBUX
89,99,TXN,ZS
90,1,TMO,ADP
90,14,TMO,ADSK
90,23,TMO,CHKP
90,29,TMO,CPRT
90,34,TMO,DXCM
90,41,TMO,HON
90,42,TMO,IBM
90,52,TMO,LULU
90,53,TMO,MAR
90,54,TMO,MRVL
90,55,TMO,MA
90,60,TMO,MSFT
90,70,TMO,ORLY
90,72,TMO,PANW
90,78,TMO,QCOM
90,81,TMO,ROST
90,89,TMO,TXN
90,91,TMO,TMUS
90,92,TMO,TTD
90,93,TMO,VRSK
90,99,TMO,ZS
91,1,TMUS,ADP
91,5,TMUS,AMZN
91,20,TMUS,CDNS
91,21,TMUS,CDW
91,24,TMUS,CTAS
91,26,TMUS,CCEP
91,31,TMUS,COST
91,39,TMUS,FTNT
91,41,TMUS,HON
91,45,TMUS,INTU
91,53,TMUS,MAR
91,55,TMUS,MA
91,56,TMUS,MELI
91,60,TMUS,MSFT
91,64,TMUS,NFLX
91,66,TMUS,NXPI
91,69,TMUS,ORCL
91,70,TMUS,ORLY
91,75,TMUS,PYPL
91,76,TMUS,PDD
91,84,TMUS,SHOP
91,85,TMUS,SBUX
91,88,TMUS,TSLA
91,89,TMUS,TXN
91,95,TMUS,V
91,97,TMUS,WDAY
91,99,TMUS,ZS
92,10,TTD,AMAT
92,15,TTD,AXON
92,16,TTD,BKR
92,23,TTD,CHKP
92,26,TTD,CCEP
92,27,TTD,CTSH
92,34,TTD,DXCM
92,60,TTD,MSFT
92,70,TTD,ORLY
92,72,TTD,PANW
92,85,TTD,SBUX
92,95,TTD,V
92,99,TTD,ZS
93,5,VRSK,AMZN
93,21,VRSK,CDW
93,24,VRSK,CTAS
93,27,VRSK,CTSH
93,30,VRSK,CSGP
93,39,VRSK,FTNT
93,43,VRSK,IDXX
93,59,VRSK,MU
93,75,VRSK,PYPL
93,80,VRSK,ROP
93,91,VRSK,TMUS
93,94,VRSK,VRTX
93,97,VRSK,WDAY
94,4,VRTX,GOOG
94,7,VRTX,AMGN
94,12,VRTX,AZN
94,14,VRTX,ADSK
94,15,VRTX,AXON
94,17,VRTX,BIIB
94,20,VRTX,CDNS
94,24,VRTX,CTAS
94,26,VRTX,CCEP
94,27,VRTX,CTSH
94,36,VRTX,EA
94,39,VRTX,FTNT
94,41,VRTX,HON
94,43,VRTX,IDXX
94,53,VRTX,MAR
94,55,VRTX,MA
94,57,VRTX,META
94,59,VRTX,MU
94,60,VRTX,MSFT
94,66,VRTX,NXPI
94,67,VRTX,ODFL
94,70,VRTX,ORLY
94,72,VRTX,PANW
94,80,VRTX,ROP
94,81,VRTX,ROST
94,88,VRTX,TSLA
94,89,VRTX,TXN
94,90,VRTX,TMO
94,91,VRTX,TMUS
94,95,VRTX,V
95,0,V,ADBE
95,1,V,ADP
95,8,V,ADI
95,9,V,AAPL
95,14,V,ADSK
95,19,V,AVGO
95,23,V,CHKP
95,25,V,CSCO
95,29,V,CPRT
95,30,V,CSGP
95,41,V,HON
95,42,V,IBM
95,43,V,IDXX
95,45,V,INTU
95,52,V,LULU
95,55,V,MA
95,58,V,MCHP
95,59,V,MU
95,64,V,NFLX
95,70,V,ORLY
95,72,V,PANW
95,73,V,PAYX
95,74,V,PAYC
95,75,V,PYPL
95,80,V,ROP
95,82,V,CRM
95,84,V,SHOP
95,88,V,TSLA
95,89,V,TXN
95,92,V,TTD
95,93,V,VRSK
95,99,V,ZS
96,2,WBD,AMD
96,9,WBD,AAPL
96,18,WBD,BKNG
96,20,WBD,CDNS
96,29,WBD,CPRT
96,33,WBD,DHR
96,36,WBD,EA
96,41,WBD,HON
96,55,WBD,MA
96,80,WBD,ROP
96,81,WBD,ROST
96,88,WBD,TSLA
96,89,WBD,TXN
96,97,WBD,WDAY
96,99,WBD,ZS
97,4,WDAY,GOOG
97,9,WDAY,AAPL
97,17,WDAY,BIIB
97,23,WDAY,CHKP
97,29,WDAY,CPRT
97,32,WDAY,CSX
97,36,WDAY,EA
97,53,WDAY,MAR
97,60,WDAY,MSFT
97,72,WDAY,PANW
97,81,WDAY,ROST
97,99,WDAY,ZS
98,2,XEL,AMD
98,5,XEL,AMZN
98,7,XEL,AMGN
98,9,XEL,AAPL
98,12,XEL,AZN
98,16,XEL,BKR
98,18,XEL,BKNG
98,23,XEL,CHKP
98,24,XEL,CTAS
98,26,XEL,CCEP
98,28,XEL,CMCSA
98,30,XEL,CSGP
98,32,XEL,CSX
98,33,XEL,DHR
98,35,XEL,FANG
98,38,XEL,FAST
98,40,XEL,GILD
98,42,XEL,IBM
98,43,XEL,IDXX
98,46,XEL,ISRG
98,53,XEL,MAR
98,55,XEL,MA
98,57,XEL,META
98,58,XEL,MCHP
98,61,XEL,MSTR
98,64,XEL,NFLX
98,65,XEL,NVDA
98,69,XEL,ORCL
98,74,XEL,PAYC
98,78,XEL,QCOM
98,83,XEL,NOW
98,85,XEL,SBUX
98,87,XEL,TTWO
98,89,XEL,TXN
98,91,XEL,TMUS
98,92,XEL,TTD
98,93,XEL,VRSK
98,95,XEL,V
98,99,XEL,ZS
99,9,ZS,AAPL
99,12,ZS,AZN
99,17,ZS,BIIB
99,27,ZS,CTSH
99,36,ZS,EA
99,42,ZS,IBM
99,45,ZS,INTU
99,52,ZS,LULU
99,56,ZS,MELI
99,75,ZS,PYPL
